{
    "name": "root",
    "metadata": {
        "timer_format_version": "0.1.0",
        "start_time_seconds": "1778847685",
        "python_version": "3.9.13 (tags/v3.9.13:6de2ca5, May 17 2022, 16:36:42) [MSC v.1929 64 bit (AMD64)]",
        "command_line_arguments": "D:\\Master\\SEM2\\ALJV\\Project\\ALJV-Fotbal\\aljv\\Scripts\\mlagents-learn config/soccer.yaml --run-id=toBall --resume",
        "mlagents_version": "0.30.0",
        "mlagents_envs_version": "0.30.0",
        "communication_protocol_version": "1.5.0",
        "pytorch_version": "2.6.0+cpu",
        "numpy_version": "1.21.2",
        "end_time_seconds": "1778847742"
    },
    "total": 56.3625508,
    "count": 1,
    "self": 0.00389790000000545,
    "children": {
        "run_training.setup": {
            "total": 0.09973339999999986,
            "count": 1,
            "self": 0.09973339999999986
        },
        "TrainerController.start_learning": {
            "total": 56.2589195,
            "count": 1,
            "self": 0.05025789999982777,
            "children": {
                "TrainerController._reset_env": {
                    "total": 16.3831014,
                    "count": 1,
                    "self": 16.3831014
                },
                "TrainerController.advance": {
                    "total": 39.705479500000166,
                    "count": 2350,
                    "self": 0.04096630000022117,
                    "children": {
                        "env_step": {
                            "total": 39.41539859999989,
                            "count": 2350,
                            "self": 36.405095599999996,
                            "children": {
                                "SubprocessEnvManager._take_step": {
                                    "total": 2.9797287999999575,
                                    "count": 2350,
                                    "self": 0.11131209999991754,
                                    "children": {
                                        "TorchPolicy.evaluate": {
                                            "total": 2.86841670000004,
                                            "count": 2317,
                                            "self": 2.86841670000004
                                        }
                                    }
                                },
                                "workers": {
                                    "total": 0.03057419999993627,
                                    "count": 2349,
                                    "self": 0.0,
                                    "children": {
                                        "worker_root": {
                                            "total": 16.515283000000018,
                                            "count": 2349,
                                            "is_parallel": true,
                                            "self": 6.700459300000194,
                                            "children": {
                                                "steps_from_proto": {
                                                    "total": 0.00045869999999936795,
                                                    "count": 1,
                                                    "is_parallel": true,
                                                    "self": 0.0002510999999980612,
                                                    "children": {
                                                        "_process_rank_one_or_two_observation": {
                                                            "total": 0.00020760000000130674,
                                                            "count": 2,
                                                            "is_parallel": true,
                                                            "self": 0.00020760000000130674
                                                        }
                                                    }
                                                },
                                                "UnityEnvironment.step": {
                                                    "total": 9.814364999999825,
                                                    "count": 2349,
                                                    "is_parallel": true,
                                                    "self": 0.17407129999971005,
                                                    "children": {
                                                        "UnityEnvironment._generate_step_input": {
                                                            "total": 0.15967460000004507,
                                                            "count": 2349,
                                                            "is_parallel": true,
                                                            "self": 0.15967460000004507
                                                        },
                                                        "communicator.exchange": {
                                                            "total": 8.894612900000045,
                                                            "count": 2349,
                                                            "is_parallel": true,
                                                            "self": 8.894612900000045
                                                        },
                                                        "steps_from_proto": {
                                                            "total": 0.5860062000000248,
                                                            "count": 2349,
                                                            "is_parallel": true,
                                                            "self": 0.3504116000000188,
                                                            "children": {
                                                                "_process_rank_one_or_two_observation": {
                                                                    "total": 0.23559460000000598,
                                                                    "count": 4698,
                                                                    "is_parallel": true,
                                                                    "self": 0.23559460000000598
                                                                }
                                                            }
                                                        }
                                                    }
                                                }
                                            }
                                        }
                                    }
                                }
                            }
                        },
                        "trainer_advance": {
                            "total": 0.24911460000005903,
                            "count": 2349,
                            "self": 0.06647080000006866,
                            "children": {
                                "process_trajectory": {
                                    "total": 0.18264379999999036,
                                    "count": 2349,
                                    "self": 0.18264379999999036
                                }
                            }
                        }
                    }
                },
                "trainer_threads": {
                    "total": 1.4000000021496817e-06,
                    "count": 1,
                    "self": 1.4000000021496817e-06
                },
                "TrainerController._save_models": {
                    "total": 0.12007930000000044,
                    "count": 1,
                    "self": 0.023413200000000245,