{"count":1,"self":3226.318848,"total":3283.8907248,"children":{"InitializeActuators":{"count":1,"self":0.0015172999999999999,"total":0.0015172999999999999,"children":null},"InitializeSensors":{"count":1,"self":0.0017722999999999999,"total":0.0017722999999999999,"children":null},"AgentSendState":{"count":163905,"self":1.9520988,"total":3.9560909,"children":{"CollectObservations":{"count":163905,"self":0.98294759999999992,"total":0.98294759999999992,"children":null},"WriteActionMask":{"count":163905,"self":0.32093669999999996,"total":0.32093669999999996,"children":null},"RequestDecision":{"count":163905,"self":0.7001078,"total":0.7001078,"children":null}}},"DecideAction":{"count":163905,"self":53.1124416,"total":53.112441,"children":null},"AgentAct":{"count":163905,"self":0.5001525,"total":0.5001525,"children":null}},"gauges":{"SoccerAgent.CumulativeReward":{"count":279,"max":8.648524,"min":-3.55698371,"runningAverage":5.429003,"value":-2.04838419,"weightedAverage":2.7510128}},"metadata":{"timer_format_version":"0.1.0","start_time_seconds":"1778850592","unity_version":"6000.3.10f1","command_line_arguments":"C:\\Program Files\\Unity\\Hub\\Editor\\6000.3.10f1\\Editor\\Unity.exe -projectpath D:\\Master\\SEM2\\ALJV\\Project\\ALJV-Fotbal -acceptSoftwareTermsForThisRunOnly -useHub -hubIPC -cloudEnvironment production","communication_protocol_version":"1.5.0","com.unity.ml-agents_version":"4.0.2","scene_name":"Fotbal","end_time_seconds":"1778853876"}}